{
  "scan_date": "2026-01-02T13:48:08.459944",
  "drive_letter": "c",
  "disk_usage": {
    "total_gb": 871.9873008728027,
    "used_gb": 782.8365325927734,
    "free_gb": 89.1507682800293,
    "used_percentage": 89.77613914895376
  },
  "scan_summary": {
    "files_scanned": 174,
    "folders_scanned": 26
  },
  "protected": {
    "paths_count": 0,
    "size_gb": 0.0,
    "sample_paths": []
  },
  "cleanup_plan": {
    "total_savings_gb": 1.1288022994995117,
    "total_candidates": 174,
    "by_category": {
      "temp_files": {
        "size_gb": 1.1288022994995117,
        "count": 174
      }
    }
  }
}