{
  "scan_date": "2026-01-02T13:46:09.050432",
  "drive_letter": "c",
  "disk_usage": {
    "total_gb": 871.9873008728027,
    "used_gb": 782.8263359069824,
    "free_gb": 89.16096496582031,
    "used_percentage": 89.77496978722328
  },
  "scan_summary": {
    "files_scanned": 4,
    "folders_scanned": 26
  },
  "protected": {
    "paths_count": 0,
    "size_gb": 0.0,
    "sample_paths": []
  },
  "cleanup_plan": {
    "total_savings_gb": 0.025949478149414062,
    "total_candidates": 4,
    "by_category": {
      "temp_files": {
        "size_gb": 0.025949478149414062,
        "count": 4
      }
    }
  }
}