{
  "scan_date": "2026-01-02T13:44:56.706918",
  "drive_letter": "c",
  "disk_usage": {
    "total_gb": 871.9873008728027,
    "used_gb": 782.8349342346191,
    "free_gb": 89.1523666381836,
    "used_percentage": 89.77595584833084
  },
  "scan_summary": {
    "files_scanned": 24,
    "folders_scanned": 26
  },
  "protected": {
    "paths_count": 0,
    "size_gb": 0.0,
    "sample_paths": []
  },
  "cleanup_plan": {
    "total_savings_gb": 0.15569686889648438,
    "total_candidates": 24,
    "by_category": {
      "temp_files": {
        "size_gb": 0.15569686889648438,
        "count": 24
      }
    }
  }
}